{"cameraMode":{"drawMode":0,"name":"Shaded","section":"Shading Mode"},"sceneLighting":true,"audioPlay":false,"sceneViewState":{"m_AlwaysRefresh":false,"showFog":true,"showSkybox":true,"showFlares":true,"showImageEffects":true,"showParticleSystems":true,"showVisualEffectGraphs":true,"m_FxEnabled":true},"in2DMode":false,"pivot":{"x":-0.05126237869262695,"y":3.5776891708374025,"z":1.0285547971725464},"rotation":{"x":0.11387428641319275,"y":0.3399046063423157,"z":-0.04150255024433136,"w":0.932620108127594},"size":5.786470413208008,"orthographic":false}